<?xml version="1.0" encoding="UTF-8"?>
<EngineeringData version="24.2.0.202" versiondate="2024. 05. 13. 17:34:00">
  <Notes>
  </Notes>
  <Materials>
    <MatML_Doc>
      <Material>
        <BulkDetails>
          <Name>Carbon Fiber (230 GPa)</Name>
          <Description>Carbon 230 GPa fibers only</Description>
          <Class>
            <Name>Composite</Name>
          </Class>
          <PropertyData property="pr0">
            <Data format="string">-</Data>
            <Qualifier name="Behavior">Orthotropic</Qualifier>
            <Qualifier name="Field Variable Compatible">Temperature</Qualifier>
            <ParameterValue parameter="pa0" format="string">
              <Data>Interpolation Options</Data>
              <Qualifier name="AlgorithmType">Linear Multivariate (Qhull)</Qualifier>
              <Qualifier name="Normalized">True</Qualifier>
              <Qualifier name="Cached">True</Qualifier>
              <Qualifier name="ExtrapolationType">Projection to the Bounding Box</Qualifier>
            </ParameterValue>
            <ParameterValue parameter="pa1" format="float">
              <Data>230000000000</Data>
              <Qualifier name="Variable Type">Dependent</Qualifier>
              <Qualifier name="Offset">0 [Pa]</Qualifier>
              <Qualifier name="Scale">1</Qualifier>
              <Qualifier name="Units">Pa</Qualifier>
            </ParameterValue>
            <ParameterValue parameter="pa4" format="float">
              <Data>23000000000</Data>
              <Qualifier name="Variable Type">Dependent</Qualifier>
              <Qualifier name="Offset">0 [Pa]</Qualifier>
              <Qualifier name="Scale">1</Qualifier>
              <Qualifier name="Units">Pa</Qualifier>
            </ParameterValue>
            <ParameterValue parameter="pa6" format="float">
              <Data>23000000000</Data>
              <Qualifier name="Variable Type">Dependent</Qualifier>
              <Qualifier name="Offset">0 [Pa]</Qualifier>
              <Qualifier name="Scale">1</Qualifier>
              <Qualifier name="Units">Pa</Qualifier>
            </ParameterValue>
            <ParameterValue parameter="pa8" format="float">
              <Data>0.2</Data>
              <Qualifier name="Variable Type">Dependent</Qualifier>
              <Qualifier name="Offset">0</Qualifier>
              <Qualifier name="Scale">1</Qualifier>
              <Qualifier name="Units">
              </Qualifier>
            </ParameterValue>
            <ParameterValue parameter="pa9" format="float">
              <Data>0.4</Data>
              <Qualifier name="Variable Type">Dependent</Qualifier>
              <Qualifier name="Offset">0</Qualifier>
              <Qualifier name="Scale">1</Qualifier>
              <Qualifier name="Units">
              </Qualifier>
            </ParameterValue>
            <ParameterValue parameter="pa10" format="float">
              <Data>0.2</Data>
              <Qualifier name="Variable Type">Dependent</Qualifier>
              <Qualifier name="Offset">0</Qualifier>
              <Qualifier name="Scale">1</Qualifier>
              <Qualifier name="Units">
              </Qualifier>
            </ParameterValue>
            <ParameterValue parameter="pa12" format="float">
              <Data>9000000000</Data>
              <Qualifier name="Variable Type">Dependent</Qualifier>
              <Qualifier name="Offset">0 [Pa]</Qualifier>
              <Qualifier name="Scale">1</Qualifier>
              <Qualifier name="Units">Pa</Qualifier>
            </ParameterValue>
            <ParameterValue parameter="pa13" format="float">
              <Data>8214285714</Data>
              <Qualifier name="Variable Type">Dependent</Qualifier>
              <Qualifier name="Offset">0 [Pa]</Qualifier>
              <Qualifier name="Scale">1</Qualifier>
              <Qualifier name="Units">Pa</Qualifier>
            </ParameterValue>
            <ParameterValue parameter="pa14" format="float">
              <Data>9000000000</Data>
              <Qualifier name="Variable Type">Dependent</Qualifier>
              <Qualifier name="Offset">0 [Pa]</Qualifier>
              <Qualifier name="Scale">1</Qualifier>
              <Qualifier name="Units">Pa</Qualifier>
            </ParameterValue>
          </PropertyData>
          <PropertyData property="pr1">
            <Data format="string">-</Data>
            <Qualifier name="Field Variable Compatible">Temperature</Qualifier>
            <ParameterValue parameter="pa0" format="string">
              <Data>Interpolation Options</Data>
              <Qualifier name="AlgorithmType">Linear Multivariate (Qhull)</Qualifier>
              <Qualifier name="Normalized">True</Qualifier>
              <Qualifier name="Cached">True</Qualifier>
              <Qualifier name="ExtrapolationType">Projection to the Bounding Box</Qualifier>
            </ParameterValue>
            <ParameterValue parameter="pa15" format="float">
              <Data>1800</Data>
              <Qualifier name="Variable Type">Dependent</Qualifier>
              <Qualifier name="Offset">0 [kg m^-3]</Qualifier>
              <Qualifier name="Scale">1</Qualifier>
              <Qualifier name="Units">kg m^-3</Qualifier>
            </ParameterValue>
          </PropertyData>
          <PropertyData property="pr2">
            <Data format="string">-</Data>
            <Qualifier name="guid">b0de5d7d-a9d8-49df-9d28-1e9d94012398</Qualifier>
            <Qualifier name="Display">False</Qualifier>
          </PropertyData>
          <PropertyData property="pr3">
            <Data format="string">-</Data>
            <ParameterValue parameter="pa16" format="float">
              <Data>130</Data>
              <Qualifier name="Variable Type">Dependent</Qualifier>
              <Qualifier name="Offset">0</Qualifier>
              <Qualifier name="Scale">1</Qualifier>
              <Qualifier name="Units">
              </Qualifier>
            </ParameterValue>
            <ParameterValue parameter="pa17" format="float">
              <Data>181</Data>
              <Qualifier name="Variable Type">Dependent</Qualifier>
              <Qualifier name="Offset">0</Qualifier>
              <Qualifier name="Scale">1</Qualifier>
              <Qualifier name="Units">
              </Qualifier>
            </ParameterValue>
            <ParameterValue parameter="pa18" format="float">
              <Data>143</Data>
              <Qualifier name="Variable Type">Dependent</Qualifier>
              <Qualifier name="Offset">0</Qualifier>
              <Qualifier name="Scale">1</Qualifier>
              <Qualifier name="Units">
              </Qualifier>
            </ParameterValue>
            <ParameterValue parameter="pa19" format="string">
              <Data>Appearance</Data>
            </ParameterValue>
          </PropertyData>
        </BulkDetails>
      </Material>
      <Material>
        <BulkDetails>
          <Name>E-Glass</Name>
          <Description>E-Glass fibers only</Description>
          <Class>
            <Name>Composite</Name>
          </Class>
          <PropertyData property="pr0">
            <Data format="string">-</Data>
            <Qualifier name="Behavior">Isotropic</Qualifier>
            <Qualifier name="Derive from">Young's Modulus and Poisson's Ratio</Qualifier>
            <Qualifier name="Field Variable Compatible">Temperature</Qualifier>
            <ParameterValue parameter="pa0" format="string">
              <Data>Interpolation Options</Data>
              <Qualifier name="AlgorithmType">Linear Multivariate (Qhull)</Qualifier>
              <Qualifier name="Normalized">True</Qualifier>
              <Qualifier name="Cached">True</Qualifier>
              <Qualifier name="ExtrapolationType">Projection to the Bounding Box</Qualifier>
            </ParameterValue>
            <ParameterValue parameter="pa2" format="float">
              <Data>73000000000</Data>
              <Qualifier name="Variable Type">Dependent</Qualifier>
              <Qualifier name="Offset">0 [Pa]</Qualifier>
              <Qualifier name="Scale">1</Qualifier>
              <Qualifier name="Units">Pa</Qualifier>
            </ParameterValue>
            <ParameterValue parameter="pa3" format="float">
              <Data>0.22</Data>
              <Qualifier name="Variable Type">Dependent</Qualifier>
              <Qualifier name="Offset">0</Qualifier>
              <Qualifier name="Scale">1</Qualifier>
              <Qualifier name="Units">
              </Qualifier>
            </ParameterValue>
            <ParameterValue parameter="pa5" format="float">
              <Data>43452380952.381</Data>
              <Qualifier name="Variable Type">Dependent</Qualifier>
              <Qualifier name="Offset">0 [Pa]</Qualifier>
              <Qualifier name="Scale">1</Qualifier>
              <Qualifier name="Units">Pa</Qualifier>
            </ParameterValue>
            <ParameterValue parameter="pa7" format="float">
              <Data>29918032786.8852</Data>
              <Qualifier name="Variable Type">Dependent</Qualifier>
              <Qualifier name="Offset">0 [Pa]</Qualifier>
              <Qualifier name="Scale">1</Qualifier>
              <Qualifier name="Units">Pa</Qualifier>
            </ParameterValue>
          </PropertyData>
          <PropertyData property="pr1">
            <Data format="string">-</Data>
            <Qualifier name="Field Variable Compatible">Temperature</Qualifier>
            <ParameterValue parameter="pa0" format="string">
              <Data>Interpolation Options</Data>
              <Qualifier name="AlgorithmType">Linear Multivariate (Qhull)</Qualifier>
              <Qualifier name="Normalized">True</Qualifier>
              <Qualifier name="Cached">True</Qualifier>
              <Qualifier name="ExtrapolationType">Projection to the Bounding Box</Qualifier>
            </ParameterValue>
            <ParameterValue parameter="pa15" format="float">
              <Data>2600</Data>
              <Qualifier name="Variable Type">Dependent</Qualifier>
              <Qualifier name="Offset">0 [kg m^-3]</Qualifier>
              <Qualifier name="Scale">1</Qualifier>
              <Qualifier name="Units">kg m^-3</Qualifier>
            </ParameterValue>
          </PropertyData>
          <PropertyData property="pr2">
            <Data format="string">-</Data>
            <Qualifier name="guid">22e77deb-812b-4134-bd6f-6d20c4c18f19</Qualifier>
            <Qualifier name="Display">False</Qualifier>
          </PropertyData>
          <PropertyData property="pr3">
            <Data format="string">-</Data>
            <ParameterValue parameter="pa16" format="float">
              <Data>170</Data>
              <Qualifier name="Variable Type">Dependent</Qualifier>
              <Qualifier name="Offset">0</Qualifier>
              <Qualifier name="Scale">1</Qualifier>
              <Qualifier name="Units">
              </Qualifier>
            </ParameterValue>
            <ParameterValue parameter="pa17" format="float">
              <Data>170</Data>
              <Qualifier name="Variable Type">Dependent</Qualifier>
              <Qualifier name="Offset">0</Qualifier>
              <Qualifier name="Scale">1</Qualifier>
              <Qualifier name="Units">
              </Qualifier>
            </ParameterValue>
            <ParameterValue parameter="pa18" format="float">
              <Data>170</Data>
              <Qualifier name="Variable Type">Dependent</Qualifier>
              <Qualifier name="Offset">0</Qualifier>
              <Qualifier name="Scale">1</Qualifier>
              <Qualifier name="Units">
              </Qualifier>
            </ParameterValue>
            <ParameterValue parameter="pa19" format="string">
              <Data>Appearance</Data>
            </ParameterValue>
          </PropertyData>
          <PropertyData property="pr5">
            <Data format="string">-</Data>
            <Qualifier name="Definition">Secant</Qualifier>
            <Qualifier name="Behavior">Isotropic</Qualifier>
            <Qualifier name="Field Variable Compatible">Temperature</Qualifier>
            <ParameterValue parameter="pa0" format="string">
              <Data>Interpolation Options</Data>
              <Qualifier name="AlgorithmType">Linear Multivariate (Qhull)</Qualifier>
              <Qualifier name="Normalized">True</Qualifier>
              <Qualifier name="Cached">True</Qualifier>
              <Qualifier name="ExtrapolationType">Projection to the Bounding Box</Qualifier>
            </ParameterValue>
            <ParameterValue parameter="pa20" format="float">
              <Data>5e-06</Data>
              <Qualifier name="Variable Type">Dependent</Qualifier>
              <Qualifier name="Offset">0 [C^-1]</Qualifier>
              <Qualifier name="Scale">1</Qualifier>
              <Qualifier name="Units">C^-1</Qualifier>
            </ParameterValue>
          </PropertyData>
          <PropertyData property="pr6">
            <Data format="string">-</Data>
            <Qualifier name="Definition">Secant</Qualifier>
            <Qualifier name="Behavior">Isotropic</Qualifier>
            <ParameterValue parameter="pa21" format="float">
              <Data>
              </Data>
              <Qualifier name="Variable Type">Dependent</Qualifier>
              <Qualifier name="Offset">0 [C]</Qualifier>
              <Qualifier name="Scale">1</Qualifier>
            </ParameterValue>
            <ParameterValue parameter="pa19" format="string">
              <Data>Coefficient of Thermal Expansion</Data>
            </ParameterValue>
          </PropertyData>
          <PropertyData property="pr7">
            <Data format="string">-</Data>
            <Qualifier name="Behavior">Isotropic</Qualifier>
            <Qualifier name="Field Variable Compatible">Temperature</Qualifier>
            <ParameterValue parameter="pa0" format="string">
              <Data>Interpolation Options</Data>
              <Qualifier name="AlgorithmType">Linear Multivariate (Qhull)</Qualifier>
              <Qualifier name="Normalized">True</Qualifier>
              <Qualifier name="Cached">True</Qualifier>
              <Qualifier name="ExtrapolationType">Projection to the Bounding Box</Qualifier>
            </ParameterValue>
            <ParameterValue parameter="pa22" format="float">
              <Data>1.27</Data>
              <Qualifier name="Variable Type">Dependent</Qualifier>
              <Qualifier name="Offset">0 [W m^-1 C^-1]</Qualifier>
              <Qualifier name="Scale">1</Qualifier>
              <Qualifier name="Units">W m^-1 C^-1</Qualifier>
            </ParameterValue>
          </PropertyData>
          <PropertyData property="pr9">
            <Data format="string">-</Data>
            <Qualifier name="Definition">Constant Pressure</Qualifier>
            <Qualifier name="Field Variable Compatible">Temperature</Qualifier>
            <Qualifier name="Symbol">Cᵨ</Qualifier>
            <ParameterValue parameter="pa0" format="string">
              <Data>Interpolation Options</Data>
              <Qualifier name="AlgorithmType">Linear Multivariate (Qhull)</Qualifier>
              <Qualifier name="Normalized">True</Qualifier>
              <Qualifier name="Cached">True</Qualifier>
              <Qualifier name="ExtrapolationType">Projection to the Bounding Box</Qualifier>
            </ParameterValue>
            <ParameterValue parameter="pa29" format="float">
              <Data>802</Data>
              <Qualifier name="Variable Type">Dependent</Qualifier>
              <Qualifier name="Offset">0 [J kg^-1 C^-1]</Qualifier>
              <Qualifier name="Scale">1</Qualifier>
              <Qualifier name="Units">J kg^-1 C^-1</Qualifier>
            </ParameterValue>
          </PropertyData>
        </BulkDetails>
      </Material>
      <Material>
        <BulkDetails>
          <Name>E-Glass (G10)</Name>
          <Description>E-Glass fibers only</Description>
          <Class>
            <Name>Composite</Name>
          </Class>
          <PropertyData property="pr0">
            <Data format="string">-</Data>
            <Qualifier name="Behavior">Isotropic</Qualifier>
            <Qualifier name="Derive from">Young's Modulus and Poisson's Ratio</Qualifier>
            <Qualifier name="Field Variable Compatible">Temperature</Qualifier>
            <ParameterValue parameter="pa0" format="string">
              <Data>Interpolation Options</Data>
              <Qualifier name="AlgorithmType">Linear Multivariate (Qhull)</Qualifier>
              <Qualifier name="Normalized">True</Qualifier>
              <Qualifier name="Cached">True</Qualifier>
              <Qualifier name="ExtrapolationType">Projection to the Bounding Box</Qualifier>
            </ParameterValue>
            <ParameterValue parameter="pa11" format="float">
              <Data>18.6</Data>
              <Qualifier name="Variable Type">Dependent</Qualifier>
              <Qualifier name="Offset">0 [GPa]</Qualifier>
              <Qualifier name="Scale">1</Qualifier>
              <Qualifier name="Units">GPa</Qualifier>
            </ParameterValue>
            <ParameterValue parameter="pa3" format="float">
              <Data>0.27</Data>
              <Qualifier name="Variable Type">Dependent</Qualifier>
              <Qualifier name="Offset">0</Qualifier>
              <Qualifier name="Scale">1</Qualifier>
              <Qualifier name="Units">
              </Qualifier>
            </ParameterValue>
            <ParameterValue parameter="pa5" format="float">
              <Data>13478260869.5652</Data>
              <Qualifier name="Variable Type">Dependent</Qualifier>
              <Qualifier name="Offset">0 [Pa]</Qualifier>
              <Qualifier name="Scale">1</Qualifier>
              <Qualifier name="Units">Pa</Qualifier>
            </ParameterValue>
            <ParameterValue parameter="pa7" format="float">
              <Data>7322834645.66929</Data>
              <Qualifier name="Variable Type">Dependent</Qualifier>
              <Qualifier name="Offset">0 [Pa]</Qualifier>
              <Qualifier name="Scale">1</Qualifier>
              <Qualifier name="Units">Pa</Qualifier>
            </ParameterValue>
          </PropertyData>
          <PropertyData property="pr1">
            <Data format="string">-</Data>
            <Qualifier name="Field Variable Compatible">Temperature</Qualifier>
            <ParameterValue parameter="pa0" format="string">
              <Data>Interpolation Options</Data>
              <Qualifier name="AlgorithmType">Linear Multivariate (Qhull)</Qualifier>
              <Qualifier name="Normalized">True</Qualifier>
              <Qualifier name="Cached">True</Qualifier>
              <Qualifier name="ExtrapolationType">Projection to the Bounding Box</Qualifier>
            </ParameterValue>
            <ParameterValue parameter="pa15" format="float">
              <Data>2600</Data>
              <Qualifier name="Variable Type">Dependent</Qualifier>
              <Qualifier name="Offset">0 [kg m^-3]</Qualifier>
              <Qualifier name="Scale">1</Qualifier>
              <Qualifier name="Units">kg m^-3</Qualifier>
            </ParameterValue>
          </PropertyData>
          <PropertyData property="pr2">
            <Data format="string">-</Data>
            <Qualifier name="guid">b3e4d276-dfef-4ee5-a721-dd4430f961bf</Qualifier>
            <Qualifier name="Display">False</Qualifier>
          </PropertyData>
          <PropertyData property="pr3">
            <Data format="string">-</Data>
            <ParameterValue parameter="pa16" format="float">
              <Data>170</Data>
              <Qualifier name="Variable Type">Dependent</Qualifier>
              <Qualifier name="Offset">0</Qualifier>
              <Qualifier name="Scale">1</Qualifier>
              <Qualifier name="Units">
              </Qualifier>
            </ParameterValue>
            <ParameterValue parameter="pa17" format="float">
              <Data>170</Data>
              <Qualifier name="Variable Type">Dependent</Qualifier>
              <Qualifier name="Offset">0</Qualifier>
              <Qualifier name="Scale">1</Qualifier>
              <Qualifier name="Units">
              </Qualifier>
            </ParameterValue>
            <ParameterValue parameter="pa18" format="float">
              <Data>170</Data>
              <Qualifier name="Variable Type">Dependent</Qualifier>
              <Qualifier name="Offset">0</Qualifier>
              <Qualifier name="Scale">1</Qualifier>
              <Qualifier name="Units">
              </Qualifier>
            </ParameterValue>
            <ParameterValue parameter="pa19" format="string">
              <Data>Appearance</Data>
            </ParameterValue>
          </PropertyData>
          <PropertyData property="pr5">
            <Data format="string">-</Data>
            <Qualifier name="Definition">Secant</Qualifier>
            <Qualifier name="Behavior">Isotropic</Qualifier>
            <Qualifier name="Field Variable Compatible">Temperature</Qualifier>
            <ParameterValue parameter="pa0" format="string">
              <Data>Interpolation Options</Data>
              <Qualifier name="AlgorithmType">Linear Multivariate (Qhull)</Qualifier>
              <Qualifier name="Normalized">True</Qualifier>
              <Qualifier name="Cached">True</Qualifier>
              <Qualifier name="ExtrapolationType">Projection to the Bounding Box</Qualifier>
            </ParameterValue>
            <ParameterValue parameter="pa20" format="float">
              <Data>5e-06</Data>
              <Qualifier name="Variable Type">Dependent</Qualifier>
              <Qualifier name="Offset">0 [C^-1]</Qualifier>
              <Qualifier name="Scale">1</Qualifier>
              <Qualifier name="Units">C^-1</Qualifier>
            </ParameterValue>
          </PropertyData>
          <PropertyData property="pr6">
            <Data format="string">-</Data>
            <Qualifier name="Definition">Secant</Qualifier>
            <Qualifier name="Behavior">Isotropic</Qualifier>
            <ParameterValue parameter="pa21" format="float">
              <Data>
              </Data>
              <Qualifier name="Variable Type">Dependent</Qualifier>
              <Qualifier name="Offset">0 [C]</Qualifier>
              <Qualifier name="Scale">1</Qualifier>
            </ParameterValue>
            <ParameterValue parameter="pa19" format="string">
              <Data>Coefficient of Thermal Expansion</Data>
            </ParameterValue>
          </PropertyData>
          <PropertyData property="pr7">
            <Data format="string">-</Data>
            <Qualifier name="Behavior">Isotropic</Qualifier>
            <Qualifier name="Field Variable Compatible">Temperature</Qualifier>
            <ParameterValue parameter="pa0" format="string">
              <Data>Interpolation Options</Data>
              <Qualifier name="AlgorithmType">Linear Multivariate (Qhull)</Qualifier>
              <Qualifier name="Normalized">True</Qualifier>
              <Qualifier name="Cached">True</Qualifier>
              <Qualifier name="ExtrapolationType">Projection to the Bounding Box</Qualifier>
            </ParameterValue>
            <ParameterValue parameter="pa22" format="float">
              <Data>1.27</Data>
              <Qualifier name="Variable Type">Dependent</Qualifier>
              <Qualifier name="Offset">0 [W m^-1 C^-1]</Qualifier>
              <Qualifier name="Scale">1</Qualifier>
              <Qualifier name="Units">W m^-1 C^-1</Qualifier>
            </ParameterValue>
          </PropertyData>
          <PropertyData property="pr9">
            <Data format="string">-</Data>
            <Qualifier name="Definition">Constant Pressure</Qualifier>
            <Qualifier name="Field Variable Compatible">Temperature</Qualifier>
            <Qualifier name="Symbol">Cᵨ</Qualifier>
            <ParameterValue parameter="pa0" format="string">
              <Data>Interpolation Options</Data>
              <Qualifier name="AlgorithmType">Linear Multivariate (Qhull)</Qualifier>
              <Qualifier name="Normalized">True</Qualifier>
              <Qualifier name="Cached">True</Qualifier>
              <Qualifier name="ExtrapolationType">Projection to the Bounding Box</Qualifier>
            </ParameterValue>
            <ParameterValue parameter="pa29" format="float">
              <Data>802</Data>
              <Qualifier name="Variable Type">Dependent</Qualifier>
              <Qualifier name="Offset">0 [J kg^-1 C^-1]</Qualifier>
              <Qualifier name="Scale">1</Qualifier>
              <Qualifier name="Units">J kg^-1 C^-1</Qualifier>
            </ParameterValue>
          </PropertyData>
        </BulkDetails>
      </Material>
      <Material>
        <BulkDetails>
          <Name>Époxy Carbone Tissé (230 GPa) humide</Name>
          <Description>Typical woven carbon fabric with 230 GPa fibers (Vf=~0.47)</Description>
          <Class>
            <Name>Composite</Name>
          </Class>
          <PropertyData property="pr1">
            <Data format="string">-</Data>
            <Qualifier name="Field Variable Compatible">Temperature</Qualifier>
            <ParameterValue parameter="pa0" format="string">
              <Data>Interpolation Options</Data>
              <Qualifier name="AlgorithmType">Linear Multivariate (Qhull)</Qualifier>
              <Qualifier name="Normalized">True</Qualifier>
              <Qualifier name="Cached">True</Qualifier>
              <Qualifier name="ExtrapolationType">Projection to the Bounding Box</Qualifier>
            </ParameterValue>
            <ParameterValue parameter="pa15" format="float">
              <Data>1451</Data>
              <Qualifier name="Variable Type">Dependent</Qualifier>
              <Qualifier name="Offset">0 [kg m^-3]</Qualifier>
              <Qualifier name="Scale">1</Qualifier>
              <Qualifier name="Units">kg m^-3</Qualifier>
            </ParameterValue>
          </PropertyData>
          <PropertyData property="pr4">
            <Data format="string">-</Data>
            <Qualifier name="source">ACP</Qualifier>
            <Qualifier name="Type">Woven</Qualifier>
          </PropertyData>
          <PropertyData property="pr0">
            <Data format="string">-</Data>
            <Qualifier name="Behavior">Orthotropic</Qualifier>
            <Qualifier name="Field Variable Compatible">Temperature</Qualifier>
            <ParameterValue parameter="pa0" format="string">
              <Data>Interpolation Options</Data>
              <Qualifier name="AlgorithmType">Linear Multivariate (Qhull)</Qualifier>
              <Qualifier name="Normalized">True</Qualifier>
              <Qualifier name="Cached">True</Qualifier>
              <Qualifier name="ExtrapolationType">Projection to the Bounding Box</Qualifier>
            </ParameterValue>
            <ParameterValue parameter="pa1" format="float">
              <Data>59160000000</Data>
              <Qualifier name="Variable Type">Dependent</Qualifier>
              <Qualifier name="Offset">0 [Pa]</Qualifier>
              <Qualifier name="Scale">1</Qualifier>
              <Qualifier name="Units">Pa</Qualifier>
            </ParameterValue>
            <ParameterValue parameter="pa4" format="float">
              <Data>59160000000</Data>
              <Qualifier name="Variable Type">Dependent</Qualifier>
              <Qualifier name="Offset">0 [Pa]</Qualifier>
              <Qualifier name="Scale">1</Qualifier>
              <Qualifier name="Units">Pa</Qualifier>
            </ParameterValue>
            <ParameterValue parameter="pa6" format="float">
              <Data>7500000000</Data>
              <Qualifier name="Variable Type">Dependent</Qualifier>
              <Qualifier name="Offset">0 [Pa]</Qualifier>
              <Qualifier name="Scale">1</Qualifier>
              <Qualifier name="Units">Pa</Qualifier>
            </ParameterValue>
            <ParameterValue parameter="pa8" format="float">
              <Data>0.04</Data>
              <Qualifier name="Variable Type">Dependent</Qualifier>
              <Qualifier name="Offset">0</Qualifier>
              <Qualifier name="Scale">1</Qualifier>
              <Qualifier name="Units">
              </Qualifier>
            </ParameterValue>
            <ParameterValue parameter="pa9" format="float">
              <Data>0.3</Data>
              <Qualifier name="Variable Type">Dependent</Qualifier>
              <Qualifier name="Offset">0</Qualifier>
              <Qualifier name="Scale">1</Qualifier>
              <Qualifier name="Units">
              </Qualifier>
            </ParameterValue>
            <ParameterValue parameter="pa10" format="float">
              <Data>0.3</Data>
              <Qualifier name="Variable Type">Dependent</Qualifier>
              <Qualifier name="Offset">0</Qualifier>
              <Qualifier name="Scale">1</Qualifier>
              <Qualifier name="Units">
              </Qualifier>
            </ParameterValue>
            <ParameterValue parameter="pa12" format="float">
              <Data>3300000000</Data>
              <Qualifier name="Variable Type">Dependent</Qualifier>
              <Qualifier name="Offset">0 [Pa]</Qualifier>
              <Qualifier name="Scale">1</Qualifier>
              <Qualifier name="Units">Pa</Qualifier>
            </ParameterValue>
            <ParameterValue parameter="pa13" format="float">
              <Data>2700000000</Data>
              <Qualifier name="Variable Type">Dependent</Qualifier>
              <Qualifier name="Offset">0 [Pa]</Qualifier>
              <Qualifier name="Scale">1</Qualifier>
              <Qualifier name="Units">Pa</Qualifier>
            </ParameterValue>
            <ParameterValue parameter="pa14" format="float">
              <Data>2700000000</Data>
              <Qualifier name="Variable Type">Dependent</Qualifier>
              <Qualifier name="Offset">0 [Pa]</Qualifier>
              <Qualifier name="Scale">1</Qualifier>
              <Qualifier name="Units">Pa</Qualifier>
            </ParameterValue>
          </PropertyData>
          <PropertyData property="pr8">
            <Data format="string">-</Data>
            <Qualifier name="Behavior">Orthotropic</Qualifier>
            <Qualifier name="Field Variable Compatible">Temperature</Qualifier>
            <ParameterValue parameter="pa0" format="string">
              <Data>Interpolation Options</Data>
              <Qualifier name="AlgorithmType">Linear Multivariate (Qhull)</Qualifier>
              <Qualifier name="Normalized">True</Qualifier>
              <Qualifier name="Cached">True</Qualifier>
              <Qualifier name="ExtrapolationType">Projection to the Bounding Box</Qualifier>
            </ParameterValue>
            <ParameterValue parameter="pa23" format="float">
              <Data>0.0092</Data>
              <Qualifier name="Variable Type">Dependent</Qualifier>
              <Qualifier name="Offset">0</Qualifier>
              <Qualifier name="Scale">1</Qualifier>
              <Qualifier name="Units">
              </Qualifier>
            </ParameterValue>
            <ParameterValue parameter="pa24" format="float">
              <Data>0.0092</Data>
              <Qualifier name="Variable Type">Dependent</Qualifier>
              <Qualifier name="Offset">0</Qualifier>
              <Qualifier name="Scale">1</Qualifier>
              <Qualifier name="Units">
              </Qualifier>
            </ParameterValue>
            <ParameterValue parameter="pa25" format="float">
              <Data>0.0078</Data>
              <Qualifier name="Variable Type">Dependent</Qualifier>
              <Qualifier name="Offset">0</Qualifier>
              <Qualifier name="Scale">1</Qualifier>
              <Qualifier name="Units">
              </Qualifier>
            </ParameterValue>
            <ParameterValue parameter="pa26" format="float">
              <Data>-0.0084</Data>
              <Qualifier name="Variable Type">Dependent</Qualifier>
              <Qualifier name="Offset">0</Qualifier>
              <Qualifier name="Scale">1</Qualifier>
              <Qualifier name="Units">
              </Qualifier>
            </ParameterValue>
            <ParameterValue parameter="pa27" format="float">
              <Data>-0.0084</Data>
              <Qualifier name="Variable Type">Dependent</Qualifier>
              <Qualifier name="Offset">0</Qualifier>
              <Qualifier name="Scale">1</Qualifier>
              <Qualifier name="Units">
              </Qualifier>
            </ParameterValue>
            <ParameterValue parameter="pa28" format="float">
              <Data>-0.011</Data>
              <Qualifier name="Variable Type">Dependent</Qualifier>
              <Qualifier name="Offset">0</Qualifier>
              <Qualifier name="Scale">1</Qualifier>
              <Qualifier name="Units">
              </Qualifier>
            </ParameterValue>
            <ParameterValue parameter="pa30" format="float">
              <Data>0.02</Data>
              <Qualifier name="Variable Type">Dependent</Qualifier>
              <Qualifier name="Offset">0</Qualifier>
              <Qualifier name="Scale">1</Qualifier>
              <Qualifier name="Units">
              </Qualifier>
            </ParameterValue>
            <ParameterValue parameter="pa31" format="float">
              <Data>0.015</Data>
              <Qualifier name="Variable Type">Dependent</Qualifier>
              <Qualifier name="Offset">0</Qualifier>
              <Qualifier name="Scale">1</Qualifier>
              <Qualifier name="Units">
              </Qualifier>
            </ParameterValue>
            <ParameterValue parameter="pa32" format="float">
              <Data>0.015</Data>
              <Qualifier name="Variable Type">Dependent</Qualifier>
              <Qualifier name="Offset">0</Qualifier>
              <Qualifier name="Scale">1</Qualifier>
              <Qualifier name="Units">
              </Qualifier>
            </ParameterValue>
          </PropertyData>
          <PropertyData property="pr10">
            <Data format="string">-</Data>
            <Qualifier name="Behavior">Orthotropic</Qualifier>
            <Qualifier name="Field Variable Compatible">Temperature</Qualifier>
            <ParameterValue parameter="pa0" format="string">
              <Data>Interpolation Options</Data>
              <Qualifier name="AlgorithmType">Linear Multivariate (Qhull)</Qualifier>
              <Qualifier name="Normalized">True</Qualifier>
              <Qualifier name="Cached">True</Qualifier>
              <Qualifier name="ExtrapolationType">Projection to the Bounding Box</Qualifier>
            </ParameterValue>
            <ParameterValue parameter="pa33" format="float">
              <Data>513000000</Data>
              <Qualifier name="Variable Type">Dependent</Qualifier>
              <Qualifier name="Offset">0 [Pa]</Qualifier>
              <Qualifier name="Scale">1</Qualifier>
              <Qualifier name="Units">Pa</Qualifier>
            </ParameterValue>
            <ParameterValue parameter="pa34" format="float">
              <Data>513000000</Data>
              <Qualifier name="Variable Type">Dependent</Qualifier>
              <Qualifier name="Offset">0 [Pa]</Qualifier>
              <Qualifier name="Scale">1</Qualifier>
              <Qualifier name="Units">Pa</Qualifier>
            </ParameterValue>
            <ParameterValue parameter="pa35" format="float">
              <Data>50000000</Data>
              <Qualifier name="Variable Type">Dependent</Qualifier>
              <Qualifier name="Offset">0 [Pa]</Qualifier>
              <Qualifier name="Scale">1</Qualifier>
              <Qualifier name="Units">Pa</Qualifier>
            </ParameterValue>
            <ParameterValue parameter="pa36" format="float">
              <Data>-437000000</Data>
              <Qualifier name="Variable Type">Dependent</Qualifier>
              <Qualifier name="Offset">0 [Pa]</Qualifier>
              <Qualifier name="Scale">1</Qualifier>
              <Qualifier name="Units">Pa</Qualifier>
            </ParameterValue>
            <ParameterValue parameter="pa37" format="float">
              <Data>-437000000</Data>
              <Qualifier name="Variable Type">Dependent</Qualifier>
              <Qualifier name="Offset">0 [Pa]</Qualifier>
              <Qualifier name="Scale">1</Qualifier>
              <Qualifier name="Units">Pa</Qualifier>
            </ParameterValue>
            <ParameterValue parameter="pa38" format="float">
              <Data>-150000000</Data>
              <Qualifier name="Variable Type">Dependent</Qualifier>
              <Qualifier name="Offset">0 [Pa]</Qualifier>
              <Qualifier name="Scale">1</Qualifier>
              <Qualifier name="Units">Pa</Qualifier>
            </ParameterValue>
            <ParameterValue parameter="pa39" format="float">
              <Data>120000000</Data>
              <Qualifier name="Variable Type">Dependent</Qualifier>
              <Qualifier name="Offset">0 [Pa]</Qualifier>
              <Qualifier name="Scale">1</Qualifier>
              <Qualifier name="Units">Pa</Qualifier>
            </ParameterValue>
            <ParameterValue parameter="pa40" format="float">
              <Data>55000000</Data>
              <Qualifier name="Variable Type">Dependent</Qualifier>
              <Qualifier name="Offset">0 [Pa]</Qualifier>
              <Qualifier name="Scale">1</Qualifier>
              <Qualifier name="Units">Pa</Qualifier>
            </ParameterValue>
            <ParameterValue parameter="pa41" format="float">
              <Data>55000000</Data>
              <Qualifier name="Variable Type">Dependent</Qualifier>
              <Qualifier name="Offset">0 [Pa]</Qualifier>
              <Qualifier name="Scale">1</Qualifier>
              <Qualifier name="Units">Pa</Qualifier>
            </ParameterValue>
          </PropertyData>
          <PropertyData property="pr5">
            <Data format="string">-</Data>
            <Qualifier name="Definition">Secant</Qualifier>
            <Qualifier name="Behavior">Orthotropic</Qualifier>
            <Qualifier name="Field Variable Compatible">Temperature</Qualifier>
            <ParameterValue parameter="pa0" format="string">
              <Data>Interpolation Options</Data>
              <Qualifier name="AlgorithmType">Linear Multivariate (Qhull)</Qualifier>
              <Qualifier name="Normalized">True</Qualifier>
              <Qualifier name="Cached">True</Qualifier>
              <Qualifier name="ExtrapolationType">Projection to the Bounding Box</Qualifier>
            </ParameterValue>
            <ParameterValue parameter="pa42" format="float">
              <Data>2.2e-06</Data>
              <Qualifier name="Variable Type">Dependent</Qualifier>
              <Qualifier name="Offset">0 [C^-1]</Qualifier>
              <Qualifier name="Scale">1</Qualifier>
              <Qualifier name="Units">C^-1</Qualifier>
            </ParameterValue>
            <ParameterValue parameter="pa43" format="float">
              <Data>2.2e-06</Data>
              <Qualifier name="Variable Type">Dependent</Qualifier>
              <Qualifier name="Offset">0 [C^-1]</Qualifier>
              <Qualifier name="Scale">1</Qualifier>
              <Qualifier name="Units">C^-1</Qualifier>
            </ParameterValue>
            <ParameterValue parameter="pa44" format="float">
              <Data>1e-05</Data>
              <Qualifier name="Variable Type">Dependent</Qualifier>
              <Qualifier name="Offset">0 [C^-1]</Qualifier>
              <Qualifier name="Scale">1</Qualifier>
              <Qualifier name="Units">C^-1</Qualifier>
            </ParameterValue>
          </PropertyData>
          <PropertyData property="pr6">
            <Data format="string">-</Data>
            <Qualifier name="Definition">Secant</Qualifier>
            <Qualifier name="Behavior">Orthotropic</Qualifier>
            <ParameterValue parameter="pa21" format="float">
              <Data>20</Data>
              <Qualifier name="Variable Type">Dependent</Qualifier>
              <Qualifier name="Offset">0 [C]</Qualifier>
              <Qualifier name="Scale">1</Qualifier>
              <Qualifier name="Units">C</Qualifier>
            </ParameterValue>
            <ParameterValue parameter="pa19" format="string">
              <Data>Coefficient of Thermal Expansion</Data>
            </ParameterValue>
          </PropertyData>
          <PropertyData property="pr11">
            <Data format="string">-</Data>
            <ParameterValue parameter="pa45" format="float">
              <Data>-1</Data>
              <Qualifier name="Variable Type">Dependent</Qualifier>
              <Qualifier name="Offset">0</Qualifier>
              <Qualifier name="Scale">1</Qualifier>
              <Qualifier name="Units">
              </Qualifier>
            </ParameterValue>
            <ParameterValue parameter="pa46" format="float">
              <Data>-1</Data>
              <Qualifier name="Variable Type">Dependent</Qualifier>
              <Qualifier name="Offset">0</Qualifier>
              <Qualifier name="Scale">1</Qualifier>
              <Qualifier name="Units">
              </Qualifier>
            </ParameterValue>
            <ParameterValue parameter="pa47" format="float">
              <Data>-1</Data>
              <Qualifier name="Variable Type">Dependent</Qualifier>
              <Qualifier name="Offset">0</Qualifier>
              <Qualifier name="Scale">1</Qualifier>
              <Qualifier name="Units">
              </Qualifier>
            </ParameterValue>
            <ParameterValue parameter="pa48" format="float">
              <Data>7.88860905221012e-31</Data>
              <Qualifier name="Variable Type">Independent</Qualifier>
              <Qualifier name="Offset">0 [C]</Qualifier>
              <Qualifier name="Scale">1</Qualifier>
              <Qualifier name="Units">C</Qualifier>
            </ParameterValue>
          </PropertyData>
          <PropertyData property="pr2">
            <Data format="string">-</Data>
            <Qualifier name="guid">7ab9c060-4547-4561-aab3-d3fd3c4952ed</Qualifier>
            <Qualifier name="Display">False</Qualifier>
          </PropertyData>
          <PropertyData property="pr3">
            <Data format="string">-</Data>
            <ParameterValue parameter="pa16" format="float">
              <Data>170</Data>
              <Qualifier name="Variable Type">Dependent</Qualifier>
              <Qualifier name="Offset">0</Qualifier>
              <Qualifier name="Scale">1</Qualifier>
              <Qualifier name="Units">
              </Qualifier>
            </ParameterValue>
            <ParameterValue parameter="pa17" format="float">
              <Data>170</Data>
              <Qualifier name="Variable Type">Dependent</Qualifier>
              <Qualifier name="Offset">0</Qualifier>
              <Qualifier name="Scale">1</Qualifier>
              <Qualifier name="Units">
              </Qualifier>
            </ParameterValue>
            <ParameterValue parameter="pa18" format="float">
              <Data>170</Data>
              <Qualifier name="Variable Type">Dependent</Qualifier>
              <Qualifier name="Offset">0</Qualifier>
              <Qualifier name="Scale">1</Qualifier>
              <Qualifier name="Units">
              </Qualifier>
            </ParameterValue>
            <ParameterValue parameter="pa19" format="string">
              <Data>Appearance</Data>
            </ParameterValue>
          </PropertyData>
        </BulkDetails>
      </Material>
      <Metadata>
        <ParameterDetails id="pa0">
          <Name>Options Variable</Name>
        </ParameterDetails>
        <ParameterDetails id="pa1">
          <Name>Young's Modulus X direction</Name>
          <Units name="Stress" />
        </ParameterDetails>
        <ParameterDetails id="pa4">
          <Name>Young's Modulus Y direction</Name>
          <Units name="Stress" />
        </ParameterDetails>
        <ParameterDetails id="pa6">
          <Name>Young's Modulus Z direction</Name>
          <Units name="Stress" />
        </ParameterDetails>
        <ParameterDetails id="pa8">
          <Name>Poisson's Ratio XY</Name>
        </ParameterDetails>
        <ParameterDetails id="pa9">
          <Name>Poisson's Ratio YZ</Name>
        </ParameterDetails>
        <ParameterDetails id="pa10">
          <Name>Poisson's Ratio XZ</Name>
        </ParameterDetails>
        <ParameterDetails id="pa12">
          <Name>Shear Modulus XY</Name>
          <Units name="Stress" />
        </ParameterDetails>
        <ParameterDetails id="pa13">
          <Name>Shear Modulus YZ</Name>
          <Units name="Stress" />
        </ParameterDetails>
        <ParameterDetails id="pa14">
          <Name>Shear Modulus XZ</Name>
          <Units name="Stress" />
        </ParameterDetails>
        <ParameterDetails id="pa15">
          <Name>Density</Name>
          <Units name="Density" />
        </ParameterDetails>
        <ParameterDetails id="pa2">
          <Name>Young's Modulus</Name>
          <Units name="Stress" />
        </ParameterDetails>
        <ParameterDetails id="pa3">
          <Name>Poisson's Ratio</Name>
        </ParameterDetails>
        <ParameterDetails id="pa5">
          <Name>Bulk Modulus</Name>
          <Units name="Stress" />
        </ParameterDetails>
        <ParameterDetails id="pa7">
          <Name>Shear Modulus</Name>
          <Units name="Stress" />
        </ParameterDetails>
        <ParameterDetails id="pa16">
          <Name>Red</Name>
        </ParameterDetails>
        <ParameterDetails id="pa17">
          <Name>Green</Name>
        </ParameterDetails>
        <ParameterDetails id="pa18">
          <Name>Blue</Name>
        </ParameterDetails>
        <ParameterDetails id="pa19">
          <Name>Material Property</Name>
        </ParameterDetails>
        <ParameterDetails id="pa20">
          <Name>Coefficient of Thermal Expansion</Name>
          <Units name="InvTemp1" />
        </ParameterDetails>
        <ParameterDetails id="pa21">
          <Name>Zero-Thermal-Strain Reference Temperature</Name>
          <Units name="Temperature" />
        </ParameterDetails>
        <ParameterDetails id="pa22">
          <Name>Thermal Conductivity</Name>
          <Units name="Thermal Conductivity" />
        </ParameterDetails>
        <ParameterDetails id="pa29">
          <Name>Specific Heat</Name>
          <Units name="Specific Heat Capacity" />
        </ParameterDetails>
        <ParameterDetails id="pa11">
          <Name>Young's Modulus</Name>
          <Units name="Stress" />
        </ParameterDetails>
        <ParameterDetails id="pa23">
          <Name>Tensile X direction</Name>
        </ParameterDetails>
        <ParameterDetails id="pa24">
          <Name>Tensile Y direction</Name>
        </ParameterDetails>
        <ParameterDetails id="pa25">
          <Name>Tensile Z direction</Name>
        </ParameterDetails>
        <ParameterDetails id="pa26">
          <Name>Compressive X direction</Name>
        </ParameterDetails>
        <ParameterDetails id="pa27">
          <Name>Compressive Y direction</Name>
        </ParameterDetails>
        <ParameterDetails id="pa28">
          <Name>Compressive Z direction</Name>
        </ParameterDetails>
        <ParameterDetails id="pa30">
          <Name>Shear XY</Name>
        </ParameterDetails>
        <ParameterDetails id="pa31">
          <Name>Shear YZ</Name>
        </ParameterDetails>
        <ParameterDetails id="pa32">
          <Name>Shear XZ</Name>
        </ParameterDetails>
        <ParameterDetails id="pa33">
          <Name>Tensile X direction</Name>
          <Units name="Stress" />
        </ParameterDetails>
        <ParameterDetails id="pa34">
          <Name>Tensile Y direction</Name>
          <Units name="Stress" />
        </ParameterDetails>
        <ParameterDetails id="pa35">
          <Name>Tensile Z direction</Name>
          <Units name="Stress" />
        </ParameterDetails>
        <ParameterDetails id="pa36">
          <Name>Compressive X direction</Name>
          <Units name="Stress" />
        </ParameterDetails>
        <ParameterDetails id="pa37">
          <Name>Compressive Y direction</Name>
          <Units name="Stress" />
        </ParameterDetails>
        <ParameterDetails id="pa38">
          <Name>Compressive Z direction</Name>
          <Units name="Stress" />
        </ParameterDetails>
        <ParameterDetails id="pa39">
          <Name>Shear XY</Name>
          <Units name="Stress" />
        </ParameterDetails>
        <ParameterDetails id="pa40">
          <Name>Shear YZ</Name>
          <Units name="Stress" />
        </ParameterDetails>
        <ParameterDetails id="pa41">
          <Name>Shear XZ</Name>
          <Units name="Stress" />
        </ParameterDetails>
        <ParameterDetails id="pa42">
          <Name>Coefficient of Thermal Expansion X direction</Name>
          <Units name="InvTemp1" />
        </ParameterDetails>
        <ParameterDetails id="pa43">
          <Name>Coefficient of Thermal Expansion Y direction</Name>
          <Units name="InvTemp1" />
        </ParameterDetails>
        <ParameterDetails id="pa44">
          <Name>Coefficient of Thermal Expansion Z direction</Name>
          <Units name="InvTemp1" />
        </ParameterDetails>
        <ParameterDetails id="pa45">
          <Name>Coupling Coefficient XY</Name>
        </ParameterDetails>
        <ParameterDetails id="pa46">
          <Name>Coupling Coefficient YZ</Name>
        </ParameterDetails>
        <ParameterDetails id="pa47">
          <Name>Coupling Coefficient XZ</Name>
        </ParameterDetails>
        <ParameterDetails id="pa48">
          <Name>Temperature</Name>
          <Units name="Temperature" />
        </ParameterDetails>
        <PropertyDetails id="pr0">
          <Name>Elasticity</Name>
        </PropertyDetails>
        <PropertyDetails id="pr1">
          <Name>Density</Name>
        </PropertyDetails>
        <PropertyDetails id="pr2">
          <Name>Material Unique Id</Name>
        </PropertyDetails>
        <PropertyDetails id="pr3">
          <Name>Color</Name>
        </PropertyDetails>
        <PropertyDetails id="pr4">
          <Name>Ply Type</Name>
        </PropertyDetails>
        <PropertyDetails id="pr5">
          <Name>Coefficient of Thermal Expansion</Name>
        </PropertyDetails>
        <PropertyDetails id="pr6">
          <Name>Zero-Thermal-Strain Reference Temperature</Name>
        </PropertyDetails>
        <PropertyDetails id="pr7">
          <Name>Thermal Conductivity</Name>
        </PropertyDetails>
        <PropertyDetails id="pr8">
          <Name>Strain Limits</Name>
        </PropertyDetails>
        <PropertyDetails id="pr9">
          <Name>Specific Heat</Name>
        </PropertyDetails>
        <PropertyDetails id="pr10">
          <Name>Stress Limits</Name>
        </PropertyDetails>
        <PropertyDetails id="pr11">
          <Name>Tsai-Wu Constants</Name>
        </PropertyDetails>
      </Metadata>
    </MatML_Doc>
  </Materials>
  <ANSYSWBTransferData>
    <Materials>
      <Material>
        <Name>Carbon Fiber (230 GPa)</Name>
        <DataTransferID>95635c89-1695-4dfd-beec-228bdf050de1</DataTransferID>
        <PreviousTransferIDs>
        </PreviousTransferIDs>
      </Material>
      <Material>
        <Name>E-Glass</Name>
        <DataTransferID>d87e6256-95ff-4077-a562-0c6f26d8b000</DataTransferID>
        <PreviousTransferIDs>
        </PreviousTransferIDs>
      </Material>
      <Material>
        <Name>E-Glass (G10)</Name>
        <DataTransferID>98042f16-75a4-4d12-98d6-cd9019099489</DataTransferID>
        <PreviousTransferIDs>
        </PreviousTransferIDs>
      </Material>
      <Material>
        <Name>Époxy Carbone Tissé (230 GPa) humide</Name>
        <DataTransferID>8640dc5c-2458-452f-9640-f956195280f7</DataTransferID>
        <PreviousTransferIDs>
        </PreviousTransferIDs>
      </Material>
    </Materials>
  </ANSYSWBTransferData>
</EngineeringData>