{
    "version": 0,
    "model_name": "Assembly1.0.SLDASM",
    "project_name": "Mach2",
    "config_name": "Default",
    "project_path": "Z:\\Developer\\MIT_Rkt_Team\\MIT_Rkt_Aurora_Aero\\MIT_Rkt_Aurora_Aero\\AeroShell_proj\\New\\1\\1.xmlconfig",
    "finished": true,
    "mesh": {
        "cells_total": 3006,
        "cells_fluid": 3006,
        "cells_solid": 2877,
        "cells_fluid_containing_solid": 1654
    },
    "telemetry": {
        "prepare_geometry_finished": "16:06:36-0400",
        "prepare_geometry_total_time": 0,
        "cpu_time_solver_total": 56,
        "iteration": 465,
        "travel": 1.0568181818181819,
        "phys_time": 0.0,
        "time_step": 0.0,
        "last_iteration_finished": "16:07:30-0400",
        "cpu_time_per_last_iter": 0,
        "cpu_time_left": 4,
        "iterations_per_travel": 440
    },
    "goals": [
        {
            "goal": {
                "name": "GG Average Dynamic Pressure 1",
                "unit": "pressure and stress",
                "value": 232651.7129472166,
                "progress": 100.0,
                "criteria": 7042.05399058312,
                "delta": 1666.5196503146144,
                "use_in_convergence": true
            }
        },
        {
            "goal": {
                "name": "GG Average Mach Number 2",
                "unit": "mach number",
                "value": 1.7643028564343046,
                "progress": 100.0,
                "criteria": 0.03206334454529325,
                "delta": 0.02420115180209259,
                "use_in_convergence": true
            }
        },
        {
            "goal": {
                "name": "GG Force 3",
                "unit": "force",
                "value": 623.9045649837784,
                "progress": 100.0,
                "criteria": 10.656935112600467,
                "delta": 8.673003525818672,
                "use_in_convergence": true
            }
        },
        {
            "goal": {
                "name": "GG Force (X) 4",
                "unit": "force",
                "value": -12.05001425760872,
                "progress": 100.0,
                "criteria": 0.4412686396191497,
                "delta": 0.3283757345156939,
                "use_in_convergence": true
            }
        },
        {
            "goal": {
                "name": "GG Force (Y) 5",
                "unit": "force",
                "value": -619.8207879965005,
                "progress": 100.0,
                "criteria": 10.064641256533685,
                "delta": 8.888702391652714,
                "use_in_convergence": true
            }
        },
        {
            "goal": {
                "name": "GG Force (Z) 6",
                "unit": "force",
                "value": 70.24168371690968,
                "progress": 100.0,
                "criteria": 19.74276064040779,
                "delta": 3.3953299766483838,
                "use_in_convergence": true
            }
        },
        {
            "goal": {
                "name": "GG Average Shear Stress 7",
                "unit": "pressure and stress",
                "value": 298.2277951227666,
                "progress": 100.0,
                "criteria": 31.36808690711976,
                "delta": 10.309425922843332,
                "use_in_convergence": true
            }
        },
        {
            "goal": {
                "name": "GG Average Shear Stress (X) 8",
                "unit": "pressure and stress",
                "value": 0.39862762544510083,
                "progress": 100.0,
                "criteria": 0.4019621000392267,
                "delta": 0.3984940784450762,
                "use_in_convergence": true
            }
        },
        {
            "goal": {
                "name": "GG Average Shear Stress (Y) 9",
                "unit": "pressure and stress",
                "value": 18.229306063278404,
                "progress": 100.0,
                "criteria": 3.1787316695069,
                "delta": 0.48017553721046013,
                "use_in_convergence": true
            }
        },
        {
            "goal": {
                "name": "GG Average Shear Stress (Z) 10",
                "unit": "pressure and stress",
                "value": 275.9539146903014,
                "progress": 100.0,
                "criteria": 30.839628077614137,
                "delta": 16.42836927733265,
                "use_in_convergence": true
            }
        }
    ],
    "settings": {
        "default_fluids": [
            "Air"
        ],
        "analysis_type": "external",
        "heat_conduction_in_solids": false,
        "radiation": false,
        "time_dependent": false,
        "gravity": false,
        "flow_type": "laminar and turbulent",
        "cavitation": false,
        "high_mach_number": true,
        "free_surface": false,
        "structural": false,
        "electromagnetism": false
    },
    "system_info": {
        "product_name": "Flow Simulation 2024  x64 / 6234 / SOLVER ver. efd_dev.5608_04.02.2022+HMN_Inlet_Rework_V1+HMN_Inlet_Rework_V2",
        "cad_version": "SOLIDWORKS 2024 SP1.0",
        "computer_name": "MARCDNICHITBF25",
        "user_name": "mdn",
        "os": "Windows 11 (or higher) (Version 10.0.22631)",
        "cpu": "                          Virtual CPU @ 3.20GHz",
        "number_of_cores": 12,
        "memory_avail": 108189,
        "memory_total": 114682
    }
}